{
    "model_name": "DecisionTree",
    "model_path": "/mnt/c/Users/ADMIN/Desktop/project/reddit_prediction/models/DecisionTree",
    "accuracy": 0.6696969696969697,
    "precision": 0.6778378042722305,
    "recall": 0.6696969696969697,
    "f1_score": 0.6640222131144515,
    "percentage_matching": 66.96969696969697
}