{
    "model_name": "LogisticRegression",
    "model_path": "/mnt/c/Users/ADMIN/Desktop/project/reddit_prediction/models/LogisticRegression",
    "accuracy": 0.6878787878787879,
    "precision": 0.6900079744816587,
    "recall": 0.687878787878788,
    "f1_score": 0.6861197320094774,
    "percentage_matching": 68.78787878787878
}